path,size_bytes,class,origin,binary
"extension/LICENSE.txt",1082,a,"extension/LICENSE.txt (packaged from extension/LICENSE — vsce standard rename)",false
"extension/assets/transitrix-icon-mono.svg",1115,a,"extension/assets/transitrix-icon-mono.svg",false
"extension/assets/ttrs-icon-mono.svg",537,a,"extension/assets/ttrs-icon-mono.svg",false
"extension/changelog.md",38599,a,"extension/changelog.md (packaged from extension/CHANGELOG.md — vsce standard rename)",false
"extension/compiler/compiler.js",85021,b,"scripts/build-compiler-bundle.mjs (esbuild bundle of src/compiler.ts + src/metrics.ts)",false
"extension/compiler/metrics.js",12049,b,"scripts/build-compiler-bundle.mjs (esbuild bundle of src/compiler.ts + src/metrics.ts)",false
"extension/docs/preview.png",84111,a,"extension/docs/preview.png",true
"extension/icon.png",34333,a,"extension/icon.png",true
"extension/language-configuration.json",99,a,"extension/language-configuration.json",false
"extension/media/bpmn-font/css/bpmn-codes.css",7912,b,"scripts/build-webview.mjs + scripts/build-plantuml-assets.mjs (esbuild bundle of extension/webview/viewer.ts to viewer.js; diagram-js.css/bpmn-js.css/bpmn-font copied from node_modules/bpmn-js/dist/assets; transitrix-icon-mono.svg/ttrs-icon-mono.svg copied from extension/assets/; plantuml/plantuml.js+viz-global.js copied from node_modules/@plantuml/core, plantuml-client.js generated inline by the script)",false
"extension/media/bpmn-font/css/bpmn-embedded.css",94535,b,"scripts/build-webview.mjs + scripts/build-plantuml-assets.mjs (esbuild bundle of extension/webview/viewer.ts to viewer.js; diagram-js.css/bpmn-js.css/bpmn-font copied from node_modules/bpmn-js/dist/assets; transitrix-icon-mono.svg/ttrs-icon-mono.svg copied from extension/assets/; plantuml/plantuml.js+viz-global.js copied from node_modules/@plantuml/core, plantuml-client.js generated inline by the script)",false
"extension/media/bpmn-font/css/bpmn.css",9632,b,"scripts/build-webview.mjs + scripts/build-plantuml-assets.mjs (esbuild bundle of extension/webview/viewer.ts to viewer.js; diagram-js.css/bpmn-js.css/bpmn-font copied from node_modules/bpmn-js/dist/assets; transitrix-icon-mono.svg/ttrs-icon-mono.svg copied from extension/assets/; plantuml/plantuml.js+viz-global.js copied from node_modules/@plantuml/core, plantuml-client.js generated inline by the script)",false
"extension/media/bpmn-font/font/bpmn.eot",47832,b,"scripts/build-webview.mjs + scripts/build-plantuml-assets.mjs (esbuild bundle of extension/webview/viewer.ts to viewer.js; diagram-js.css/bpmn-js.css/bpmn-font copied from node_modules/bpmn-js/dist/assets; transitrix-icon-mono.svg/ttrs-icon-mono.svg copied from extension/assets/; plantuml/plantuml.js+viz-global.js copied from node_modules/@plantuml/core, plantuml-client.js generated inline by the script)",true
"extension/media/bpmn-font/font/bpmn.svg",133048,b,"scripts/build-webview.mjs + scripts/build-plantuml-assets.mjs (esbuild bundle of extension/webview/viewer.ts to viewer.js; diagram-js.css/bpmn-js.css/bpmn-font copied from node_modules/bpmn-js/dist/assets; transitrix-icon-mono.svg/ttrs-icon-mono.svg copied from extension/assets/; plantuml/plantuml.js+viz-global.js copied from node_modules/@plantuml/core, plantuml-client.js generated inline by the script)",false
"extension/media/bpmn-font/font/bpmn.ttf",47680,b,"scripts/build-webview.mjs + scripts/build-plantuml-assets.mjs (esbuild bundle of extension/webview/viewer.ts to viewer.js; diagram-js.css/bpmn-js.css/bpmn-font copied from node_modules/bpmn-js/dist/assets; transitrix-icon-mono.svg/ttrs-icon-mono.svg copied from extension/assets/; plantuml/plantuml.js+viz-global.js copied from node_modules/@plantuml/core, plantuml-client.js generated inline by the script)",true
"extension/media/bpmn-font/font/bpmn.woff",16004,b,"scripts/build-webview.mjs + scripts/build-plantuml-assets.mjs (esbuild bundle of extension/webview/viewer.ts to viewer.js; diagram-js.css/bpmn-js.css/bpmn-font copied from node_modules/bpmn-js/dist/assets; transitrix-icon-mono.svg/ttrs-icon-mono.svg copied from extension/assets/; plantuml/plantuml.js+viz-global.js copied from node_modules/@plantuml/core, plantuml-client.js generated inline by the script)",true
"extension/media/bpmn-font/font/bpmn.woff2",13028,b,"scripts/build-webview.mjs + scripts/build-plantuml-assets.mjs (esbuild bundle of extension/webview/viewer.ts to viewer.js; diagram-js.css/bpmn-js.css/bpmn-font copied from node_modules/bpmn-js/dist/assets; transitrix-icon-mono.svg/ttrs-icon-mono.svg copied from extension/assets/; plantuml/plantuml.js+viz-global.js copied from node_modules/@plantuml/core, plantuml-client.js generated inline by the script)",true
"extension/media/bpmn-js.css",3528,b,"scripts/build-webview.mjs + scripts/build-plantuml-assets.mjs (esbuild bundle of extension/webview/viewer.ts to viewer.js; diagram-js.css/bpmn-js.css/bpmn-font copied from node_modules/bpmn-js/dist/assets; transitrix-icon-mono.svg/ttrs-icon-mono.svg copied from extension/assets/; plantuml/plantuml.js+viz-global.js copied from node_modules/@plantuml/core, plantuml-client.js generated inline by the script)",false
"extension/media/diagram-js.css",23540,b,"scripts/build-webview.mjs + scripts/build-plantuml-assets.mjs (esbuild bundle of extension/webview/viewer.ts to viewer.js; diagram-js.css/bpmn-js.css/bpmn-font copied from node_modules/bpmn-js/dist/assets; transitrix-icon-mono.svg/ttrs-icon-mono.svg copied from extension/assets/; plantuml/plantuml.js+viz-global.js copied from node_modules/@plantuml/core, plantuml-client.js generated inline by the script)",false
"extension/media/plantuml/plantuml-client.js",3548,b,"scripts/build-webview.mjs + scripts/build-plantuml-assets.mjs (esbuild bundle of extension/webview/viewer.ts to viewer.js; diagram-js.css/bpmn-js.css/bpmn-font copied from node_modules/bpmn-js/dist/assets; transitrix-icon-mono.svg/ttrs-icon-mono.svg copied from extension/assets/; plantuml/plantuml.js+viz-global.js copied from node_modules/@plantuml/core, plantuml-client.js generated inline by the script)",false
"extension/media/plantuml/plantuml.js",7152247,b,"scripts/build-webview.mjs + scripts/build-plantuml-assets.mjs (esbuild bundle of extension/webview/viewer.ts to viewer.js; diagram-js.css/bpmn-js.css/bpmn-font copied from node_modules/bpmn-js/dist/assets; transitrix-icon-mono.svg/ttrs-icon-mono.svg copied from extension/assets/; plantuml/plantuml.js+viz-global.js copied from node_modules/@plantuml/core, plantuml-client.js generated inline by the script)",false
"extension/media/plantuml/viz-global.js",1445436,b,"scripts/build-webview.mjs + scripts/build-plantuml-assets.mjs (esbuild bundle of extension/webview/viewer.ts to viewer.js; diagram-js.css/bpmn-js.css/bpmn-font copied from node_modules/bpmn-js/dist/assets; transitrix-icon-mono.svg/ttrs-icon-mono.svg copied from extension/assets/; plantuml/plantuml.js+viz-global.js copied from node_modules/@plantuml/core, plantuml-client.js generated inline by the script)",false
"extension/media/transitrix-icon-mono.svg",1115,b,"scripts/build-webview.mjs + scripts/build-plantuml-assets.mjs (esbuild bundle of extension/webview/viewer.ts to viewer.js; diagram-js.css/bpmn-js.css/bpmn-font copied from node_modules/bpmn-js/dist/assets; transitrix-icon-mono.svg/ttrs-icon-mono.svg copied from extension/assets/; plantuml/plantuml.js+viz-global.js copied from node_modules/@plantuml/core, plantuml-client.js generated inline by the script)",false
"extension/media/ttrs-icon-mono.svg",537,b,"scripts/build-webview.mjs + scripts/build-plantuml-assets.mjs (esbuild bundle of extension/webview/viewer.ts to viewer.js; diagram-js.css/bpmn-js.css/bpmn-font copied from node_modules/bpmn-js/dist/assets; transitrix-icon-mono.svg/ttrs-icon-mono.svg copied from extension/assets/; plantuml/plantuml.js+viz-global.js copied from node_modules/@plantuml/core, plantuml-client.js generated inline by the script)",false
"extension/media/viewer.js",432292,b,"scripts/build-webview.mjs + scripts/build-plantuml-assets.mjs (esbuild bundle of extension/webview/viewer.ts to viewer.js; diagram-js.css/bpmn-js.css/bpmn-font copied from node_modules/bpmn-js/dist/assets; transitrix-icon-mono.svg/ttrs-icon-mono.svg copied from extension/assets/; plantuml/plantuml.js+viz-global.js copied from node_modules/@plantuml/core, plantuml-client.js generated inline by the script)",false
"extension/node_modules/@oozcitak/dom/LICENSE",1070,c,"@oozcitak/dom@1.15.10",false
"extension/node_modules/@oozcitak/dom/lib/algorithm/AbortAlgorithm.js",2499,c,"@oozcitak/dom@1.15.10",false
"extension/node_modules/@oozcitak/dom/lib/algorithm/AttrAlgorithm.js",798,c,"@oozcitak/dom@1.15.10",false
"extension/node_modules/@oozcitak/dom/lib/algorithm/BoundaryPointAlgorithm.js",2721,c,"@oozcitak/dom@1.15.10",false
"extension/node_modules/@oozcitak/dom/lib/algorithm/CharacterDataAlgorithm.js",5903,c,"@oozcitak/dom@1.15.10",false
"extension/node_modules/@oozcitak/dom/lib/algorithm/CreateAlgorithm.js",10166,c,"@oozcitak/dom@1.15.10",false
"extension/node_modules/@oozcitak/dom/lib/algorithm/CustomElementAlgorithm.js",4231,c,"@oozcitak/dom@1.15.10",false
"extension/node_modules/@oozcitak/dom/lib/algorithm/DOMAlgorithm.js",10522,c,"@oozcitak/dom@1.15.10",false
"extension/node_modules/@oozcitak/dom/lib/algorithm/DOMTokenListAlgorithm.js",2606,c,"@oozcitak/dom@1.15.10",false
"extension/node_modules/@oozcitak/dom/lib/algorithm/DocumentAlgorithm.js",6664,c,"@oozcitak/dom@1.15.10",false
"extension/node_modules/@oozcitak/dom/lib/algorithm/ElementAlgorithm.js",27239,c,"@oozcitak/dom@1.15.10",false
"extension/node_modules/@oozcitak/dom/lib/algorithm/EventAlgorithm.js",39472,c,"@oozcitak/dom@1.15.10",false
"extension/node_modules/@oozcitak/dom/lib/algorithm/EventTargetAlgorithm.js",4889,c,"@oozcitak/dom@1.15.10",false
"extension/node_modules/@oozcitak/dom/lib/algorithm/MutationAlgorithm.js",51096,c,"@oozcitak/dom@1.15.10",false
"extension/node_modules/@oozcitak/dom/lib/algorithm/MutationObserverAlgorithm.js",12203,c,"@oozcitak/dom@1.15.10",false
"extension/node_modules/@oozcitak/dom/lib/algorithm/NamespaceAlgorithm.js",3973,c,"@oozcitak/dom@1.15.10",false
"extension/node_modules/@oozcitak/dom/lib/algorithm/NodeAlgorithm.js",21174,c,"@oozcitak/dom@1.15.10",false
"extension/node_modules/@oozcitak/dom/lib/algorithm/NodeIteratorAlgorithm.js",3391,c,"@oozcitak/dom@1.15.10",false
"extension/node_modules/@oozcitak/dom/lib/algorithm/OrderedSetAlgorithm.js",4290,c,"@oozcitak/dom@1.15.10",false
"extension/node_modules/@oozcitak/dom/lib/algorithm/ParentNodeAlgorithm.js",2403,c,"@oozcitak/dom@1.15.10",false
"extension/node_modules/@oozcitak/dom/lib/algorithm/RangeAlgorithm.js",34972,c,"@oozcitak/dom@1.15.10",false
"extension/node_modules/@oozcitak/dom/lib/algorithm/SelectorsAlgorithm.js",825,c,"@oozcitak/dom@1.15.10",false
"extension/node_modules/@oozcitak/dom/lib/algorithm/ShadowTreeAlgorithm.js",11002,c,"@oozcitak/dom@1.15.10",false
"extension/node_modules/@oozcitak/dom/lib/algorithm/TextAlgorithm.js",9138,c,"@oozcitak/dom@1.15.10",false
"extension/node_modules/@oozcitak/dom/lib/algorithm/TraversalAlgorithm.js",1945,c,"@oozcitak/dom@1.15.10",false
"extension/node_modules/@oozcitak/dom/lib/algorithm/TreeAlgorithm.js",28169,c,"@oozcitak/dom@1.15.10",false
"extension/node_modules/@oozcitak/dom/lib/algorithm/TreeWalkerAlgorithm.js",5568,c,"@oozcitak/dom@1.15.10",false
"extension/node_modules/@oozcitak/dom/lib/algorithm/WebIDLAlgorithm.js",501,c,"@oozcitak/dom@1.15.10",false
"extension/node_modules/@oozcitak/dom/lib/algorithm/XMLAlgorithm.js",5567,c,"@oozcitak/dom@1.15.10",false
"extension/node_modules/@oozcitak/dom/lib/algorithm/index.js",1388,c,"@oozcitak/dom@1.15.10",false
"extension/node_modules/@oozcitak/dom/lib/dom/AbortControllerImpl.js",1096,c,"@oozcitak/dom@1.15.10",false
"extension/node_modules/@oozcitak/dom/lib/dom/AbortSignalImpl.js",2139,c,"@oozcitak/dom@1.15.10",false
"extension/node_modules/@oozcitak/dom/lib/dom/AbstractRangeImpl.js",2457,c,"@oozcitak/dom@1.15.10",false
"extension/node_modules/@oozcitak/dom/lib/dom/AttrImpl.js",4120,c,"@oozcitak/dom@1.15.10",false
"extension/node_modules/@oozcitak/dom/lib/dom/CDATASectionImpl.js",1793,c,"@oozcitak/dom@1.15.10",false
"extension/node_modules/@oozcitak/dom/lib/dom/CharacterDataImpl.js",5324,c,"@oozcitak/dom@1.15.10",false
"extension/node_modules/@oozcitak/dom/lib/dom/ChildNodeImpl.js",6182,c,"@oozcitak/dom@1.15.10",false
"extension/node_modules/@oozcitak/dom/lib/dom/CommentImpl.js",1820,c,"@oozcitak/dom@1.15.10",false
"extension/node_modules/@oozcitak/dom/lib/dom/CustomEventImpl.js",2288,c,"@oozcitak/dom@1.15.10",false
"extension/node_modules/@oozcitak/dom/lib/dom/DOMException.js",13017,c,"@oozcitak/dom@1.15.10",false
"extension/node_modules/@oozcitak/dom/lib/dom/DOMImpl.js",2940,c,"@oozcitak/dom@1.15.10",false
"extension/node_modules/@oozcitak/dom/lib/dom/DOMImplementationImpl.js",6136,c,"@oozcitak/dom@1.15.10",false
"extension/node_modules/@oozcitak/dom/lib/dom/DOMTokenListImpl.js",12164,c,"@oozcitak/dom@1.15.10",false
"extension/node_modules/@oozcitak/dom/lib/dom/DocumentFragmentImpl.js",4217,c,"@oozcitak/dom@1.15.10",false
"extension/node_modules/@oozcitak/dom/lib/dom/DocumentImpl.js",21948,c,"@oozcitak/dom@1.15.10",false
"extension/node_modules/@oozcitak/dom/lib/dom/DocumentOrShadowRootImpl.js",683,c,"@oozcitak/dom@1.15.10",false
"extension/node_modules/@oozcitak/dom/lib/dom/DocumentTypeImpl.js",4019,c,"@oozcitak/dom@1.15.10",false
"extension/node_modules/@oozcitak/dom/lib/dom/ElementImpl.js",29267,c,"@oozcitak/dom@1.15.10",false
"extension/node_modules/@oozcitak/dom/lib/dom/EventImpl.js",11746,c,"@oozcitak/dom@1.15.10",false
"extension/node_modules/@oozcitak/dom/lib/dom/EventTargetImpl.js",5149,c,"@oozcitak/dom@1.15.10",false
"extension/node_modules/@oozcitak/dom/lib/dom/HTMLCollectionImpl.js",6397,c,"@oozcitak/dom@1.15.10",false
"extension/node_modules/@oozcitak/dom/lib/dom/MutationObserverImpl.js",7392,c,"@oozcitak/dom@1.15.10",false
"extension/node_modules/@oozcitak/dom/lib/dom/MutationRecordImpl.js",5044,c,"@oozcitak/dom@1.15.10",false
"extension/node_modules/@oozcitak/dom/lib/dom/NamedNodeMapImpl.js",4503,c,"@oozcitak/dom@1.15.10",false
"extension/node_modules/@oozcitak/dom/lib/dom/NodeFilterImpl.js",2880,c,"@oozcitak/dom@1.15.10",false
"extension/node_modules/@oozcitak/dom/lib/dom/NodeImpl.js",35627,c,"@oozcitak/dom@1.15.10",false
"extension/node_modules/@oozcitak/dom/lib/dom/NodeIteratorImpl.js",3333,c,"@oozcitak/dom@1.15.10",false
"extension/node_modules/@oozcitak/dom/lib/dom/NodeListImpl.js",6335,c,"@oozcitak/dom@1.15.10",false
"extension/node_modules/@oozcitak/dom/lib/dom/NodeListStaticImpl.js",6139,c,"@oozcitak/dom@1.15.10",false
"extension/node_modules/@oozcitak/dom/lib/dom/NonDocumentTypeChildNodeImpl.js",1959,c,"@oozcitak/dom@1.15.10",false
"extension/node_modules/@oozcitak/dom/lib/dom/NonElementParentNodeImpl.js",1402,c,"@oozcitak/dom@1.15.10",false
"extension/node_modules/@oozcitak/dom/lib/dom/ParentNodeImpl.js",6163,c,"@oozcitak/dom@1.15.10",false
"extension/node_modules/@oozcitak/dom/lib/dom/ProcessingInstructionImpl.js",2290,c,"@oozcitak/dom@1.15.10",false
"extension/node_modules/@oozcitak/dom/lib/dom/RangeImpl.js",25905,c,"@oozcitak/dom@1.15.10",false
"extension/node_modules/@oozcitak/dom/lib/dom/ShadowRootImpl.js",2872,c,"@oozcitak/dom@1.15.10",false
"extension/node_modules/@oozcitak/dom/lib/dom/SlotableImpl.js",1218,c,"@oozcitak/dom@1.15.10",false
"extension/node_modules/@oozcitak/dom/lib/dom/StaticRangeImpl.js",2121,c,"@oozcitak/dom@1.15.10",false
"extension/node_modules/@oozcitak/dom/lib/dom/TextImpl.js",3912,c,"@oozcitak/dom@1.15.10",false
"extension/node_modules/@oozcitak/dom/lib/dom/TraverserImpl.js",1279,c,"@oozcitak/dom@1.15.10",false
"extension/node_modules/@oozcitak/dom/lib/dom/TreeWalkerImpl.js",9429,c,"@oozcitak/dom@1.15.10",false
"extension/node_modules/@oozcitak/dom/lib/dom/WindowImpl.js",2073,c,"@oozcitak/dom@1.15.10",false
"extension/node_modules/@oozcitak/dom/lib/dom/XMLDocumentImpl.js",1143,c,"@oozcitak/dom@1.15.10",false
"extension/node_modules/@oozcitak/dom/lib/dom/index.js",5788,c,"@oozcitak/dom@1.15.10",false
"extension/node_modules/@oozcitak/dom/lib/dom/interfaces.js",4011,c,"@oozcitak/dom@1.15.10",false
"extension/node_modules/@oozcitak/dom/lib/index.js",424,c,"@oozcitak/dom@1.15.10",false
"extension/node_modules/@oozcitak/dom/lib/parser/DOMParserImpl.js",1338,c,"@oozcitak/dom@1.15.10",false
"extension/node_modules/@oozcitak/dom/lib/parser/XMLParserImpl.js",11923,c,"@oozcitak/dom@1.15.10",false
"extension/node_modules/@oozcitak/dom/lib/parser/XMLStringLexer.js",17102,c,"@oozcitak/dom@1.15.10",false
"extension/node_modules/@oozcitak/dom/lib/parser/index.js",229,c,"@oozcitak/dom@1.15.10",false
"extension/node_modules/@oozcitak/dom/lib/parser/interfaces.js",720,c,"@oozcitak/dom@1.15.10",false
"extension/node_modules/@oozcitak/dom/lib/serializer/LocalNameSet.js",1799,c,"@oozcitak/dom@1.15.10",false
"extension/node_modules/@oozcitak/dom/lib/serializer/NamespacePrefixMap.js",6129,c,"@oozcitak/dom@1.15.10",false
"extension/node_modules/@oozcitak/dom/lib/serializer/XMLSerializerImpl.js",74524,c,"@oozcitak/dom@1.15.10",false
"extension/node_modules/@oozcitak/dom/lib/serializer/index.js",249,c,"@oozcitak/dom@1.15.10",false
"extension/node_modules/@oozcitak/dom/lib/serializer/interfaces.js",115,c,"@oozcitak/dom@1.15.10",false
"extension/node_modules/@oozcitak/dom/lib/util/Cast.js",605,c,"@oozcitak/dom@1.15.10",false
"extension/node_modules/@oozcitak/dom/lib/util/EmptySet.js",1746,c,"@oozcitak/dom@1.15.10",false
"extension/node_modules/@oozcitak/dom/lib/util/Guard.js",5994,c,"@oozcitak/dom@1.15.10",false
"extension/node_modules/@oozcitak/dom/lib/util/index.js",315,c,"@oozcitak/dom@1.15.10",false
"extension/node_modules/@oozcitak/dom/package.json",2305,c,"@oozcitak/dom@1.15.10",false
"extension/node_modules/@oozcitak/infra/LICENSE",1091,c,"@oozcitak/infra@1.0.8",false
"extension/node_modules/@oozcitak/infra/lib/Base64.js",3098,c,"@oozcitak/infra@1.0.8",false
"extension/node_modules/@oozcitak/infra/lib/Byte.js",400,c,"@oozcitak/infra@1.0.8",false
"extension/node_modules/@oozcitak/infra/lib/ByteSequence.js",4846,c,"@oozcitak/infra@1.0.8",false
"extension/node_modules/@oozcitak/infra/lib/CodePoints.js",2851,c,"@oozcitak/infra@1.0.8",false
"extension/node_modules/@oozcitak/infra/lib/JSON.js",4742,c,"@oozcitak/infra@1.0.8",false
"extension/node_modules/@oozcitak/infra/lib/List.js",10547,c,"@oozcitak/infra@1.0.8",false
"extension/node_modules/@oozcitak/infra/lib/Map.js",10097,c,"@oozcitak/infra@1.0.8",false
"extension/node_modules/@oozcitak/infra/lib/Namespace.js",411,c,"@oozcitak/infra@1.0.8",false
"extension/node_modules/@oozcitak/infra/lib/Queue.js",460,c,"@oozcitak/infra@1.0.8",false
"extension/node_modules/@oozcitak/infra/lib/Set.js",14574,c,"@oozcitak/infra@1.0.8",false
"extension/node_modules/@oozcitak/infra/lib/Stack.js",433,c,"@oozcitak/infra@1.0.8",false
"extension/node_modules/@oozcitak/infra/lib/String.js",16446,c,"@oozcitak/infra@1.0.8",false
"extension/node_modules/@oozcitak/infra/lib/index.js",1261,c,"@oozcitak/infra@1.0.8",false
"extension/node_modules/@oozcitak/infra/package.json",1307,c,"@oozcitak/infra@1.0.8",false
"extension/node_modules/@oozcitak/url/LICENSE",1091,c,"@oozcitak/url@1.0.4",false
"extension/node_modules/@oozcitak/url/lib/URLAlgorithm.js",112905,c,"@oozcitak/url@1.0.4",false
"extension/node_modules/@oozcitak/url/lib/URLImpl.js",15131,c,"@oozcitak/url@1.0.4",false
"extension/node_modules/@oozcitak/url/lib/URLSearchParamsImpl.js",11925,c,"@oozcitak/url@1.0.4",false
"extension/node_modules/@oozcitak/url/lib/index.js",312,c,"@oozcitak/url@1.0.4",false
"extension/node_modules/@oozcitak/url/lib/interfaces.js",1699,c,"@oozcitak/url@1.0.4",false
"extension/node_modules/@oozcitak/url/package.json",1294,c,"@oozcitak/url@1.0.4",false
"extension/node_modules/@oozcitak/util/LICENSE",1091,c,"@oozcitak/util@8.3.8",false
"extension/node_modules/@oozcitak/util/lib/CompareCache.js",2116,c,"@oozcitak/util@8.3.8",false
"extension/node_modules/@oozcitak/util/lib/FixedSizeSet.js",6283,c,"@oozcitak/util@8.3.8",false
"extension/node_modules/@oozcitak/util/lib/Lazy.js",895,c,"@oozcitak/util@8.3.8",false
"extension/node_modules/@oozcitak/util/lib/ObjectCache.js",6459,c,"@oozcitak/util@8.3.8",false
"extension/node_modules/@oozcitak/util/lib/StringWalker.js",3282,c,"@oozcitak/util@8.3.8",false
"extension/node_modules/@oozcitak/util/lib/index.js",12047,c,"@oozcitak/util@8.3.8",false
"extension/node_modules/@oozcitak/util/package.json",1100,c,"@oozcitak/util@8.3.8",false
"extension/node_modules/@resvg/resvg-js-darwin-arm64/package.json",686,c,"@resvg/resvg-js-darwin-arm64@2.6.2",false
"extension/node_modules/@resvg/resvg-js-darwin-arm64/resvgjs.darwin-arm64.node",3537944,c,"@resvg/resvg-js-darwin-arm64@2.6.2",true
"extension/node_modules/@resvg/resvg-js/LICENSE",16724,c,"@resvg/resvg-js@2.6.2",false
"extension/node_modules/@resvg/resvg-js/index.js",612,c,"@resvg/resvg-js@2.6.2",false
"extension/node_modules/@resvg/resvg-js/js-binding.js",5509,c,"@resvg/resvg-js@2.6.2",false
"extension/node_modules/@resvg/resvg-js/package.json",4786,c,"@resvg/resvg-js@2.6.2",false
"extension/node_modules/ajv-formats/LICENSE",1074,c,"ajv-formats@3.0.1",false
"extension/node_modules/ajv-formats/dist/formats.js",12263,c,"ajv-formats@3.0.1",false
"extension/node_modules/ajv-formats/dist/index.js",1508,c,"ajv-formats@3.0.1",false
"extension/node_modules/ajv-formats/dist/limit.js",2900,c,"ajv-formats@3.0.1",false
"extension/node_modules/ajv-formats/package.json",1897,c,"ajv-formats@3.0.1",false
"extension/node_modules/ajv/.runkit_example.js",496,c,"ajv@8.20.0",false
"extension/node_modules/ajv/LICENSE",1090,c,"ajv@8.20.0",false
"extension/node_modules/ajv/dist/2019.js",3188,c,"ajv@8.20.0",false
"extension/node_modules/ajv/dist/2020.js",2894,c,"ajv@8.20.0",false
"extension/node_modules/ajv/dist/ajv.js",2841,c,"ajv@8.20.0",false
"extension/node_modules/ajv/dist/compile/codegen/code.js",4676,c,"ajv@8.20.0",false
"extension/node_modules/ajv/dist/compile/codegen/index.js",23127,c,"ajv@8.20.0",false
"extension/node_modules/ajv/dist/compile/codegen/scope.js",5198,c,"ajv@8.20.0",false
"extension/node_modules/ajv/dist/compile/errors.js",5771,c,"ajv@8.20.0",false
"extension/node_modules/ajv/dist/compile/index.js",10046,c,"ajv@8.20.0",false
"extension/node_modules/ajv/dist/compile/jtd/parse.js",13727,c,"ajv@8.20.0",false
"extension/node_modules/ajv/dist/compile/jtd/serialize.js",9391,c,"ajv@8.20.0",false
"extension/node_modules/ajv/dist/compile/jtd/types.js",291,c,"ajv@8.20.0",false
"extension/node_modules/ajv/dist/compile/names.js",1440,c,"ajv@8.20.0",false
"extension/node_modules/ajv/dist/compile/ref_error.js",543,c,"ajv@8.20.0",false
"extension/node_modules/ajv/dist/compile/resolve.js",5006,c,"ajv@8.20.0",false
"extension/node_modules/ajv/dist/compile/rules.js",918,c,"ajv@8.20.0",false
"extension/node_modules/ajv/dist/compile/util.js",7103,c,"ajv@8.20.0",false
"extension/node_modules/ajv/dist/compile/validate/applicability.js",853,c,"ajv@8.20.0",false
"extension/node_modules/ajv/dist/compile/validate/boolSchema.js",1531,c,"ajv@8.20.0",false
"extension/node_modules/ajv/dist/compile/validate/dataType.js",8409,c,"ajv@8.20.0",false
"extension/node_modules/ajv/dist/compile/validate/defaults.js",1448,c,"ajv@8.20.0",false
"extension/node_modules/ajv/dist/compile/validate/index.js",20552,c,"ajv@8.20.0",false
"extension/node_modules/ajv/dist/compile/validate/keyword.js",5695,c,"ajv@8.20.0",false
"extension/node_modules/ajv/dist/compile/validate/subschema.js",3858,c,"ajv@8.20.0",false
"extension/node_modules/ajv/dist/core.js",25202,c,"ajv@8.20.0",false
"extension/node_modules/ajv/dist/jtd.js",3360,c,"ajv@8.20.0",false
"extension/node_modules/ajv/dist/refs/data.json",409,c,"ajv@8.20.0",false
"extension/node_modules/ajv/dist/refs/json-schema-2019-09/index.js",938,c,"ajv@8.20.0",false
"extension/node_modules/ajv/dist/refs/json-schema-2019-09/meta/applicator.json",1566,c,"ajv@8.20.0",false
"extension/node_modules/ajv/dist/refs/json-schema-2019-09/meta/content.json",477,c,"ajv@8.20.0",false
"extension/node_modules/ajv/dist/refs/json-schema-2019-09/meta/core.json",1273,c,"ajv@8.20.0",false
"extension/node_modules/ajv/dist/refs/json-schema-2019-09/meta/format.json",375,c,"ajv@8.20.0",false
"extension/node_modules/ajv/dist/refs/json-schema-2019-09/meta/meta-data.json",758,c,"ajv@8.20.0",false
"extension/node_modules/ajv/dist/refs/json-schema-2019-09/meta/validation.json",2264,c,"ajv@8.20.0",false
"extension/node_modules/ajv/dist/refs/json-schema-2019-09/schema.json",1579,c,"ajv@8.20.0",false
"extension/node_modules/ajv/dist/refs/json-schema-2020-12/index.js",1026,c,"ajv@8.20.0",false
"extension/node_modules/ajv/dist/refs/json-schema-2020-12/meta/applicator.json",1441,c,"ajv@8.20.0",false
"extension/node_modules/ajv/dist/refs/json-schema-2020-12/meta/content.json",479,c,"ajv@8.20.0",false
"extension/node_modules/ajv/dist/refs/json-schema-2020-12/meta/core.json",1344,c,"ajv@8.20.0",false
"extension/node_modules/ajv/dist/refs/json-schema-2020-12/meta/format-annotation.json",420,c,"ajv@8.20.0",false
"extension/node_modules/ajv/dist/refs/json-schema-2020-12/meta/meta-data.json",758,c,"ajv@8.20.0",false
"extension/node_modules/ajv/dist/refs/json-schema-2020-12/meta/unevaluated.json",472,c,"ajv@8.20.0",false
"extension/node_modules/ajv/dist/refs/json-schema-2020-12/meta/validation.json",2264,c,"ajv@8.20.0",false
"extension/node_modules/ajv/dist/refs/json-schema-2020-12/schema.json",2166,c,"ajv@8.20.0",false
"extension/node_modules/ajv/dist/refs/json-schema-draft-06.json",3449,c,"ajv@8.20.0",false
"extension/node_modules/ajv/dist/refs/json-schema-draft-07.json",3811,c,"ajv@8.20.0",false
"extension/node_modules/ajv/dist/refs/json-schema-secure.json",2521,c,"ajv@8.20.0",false
"extension/node_modules/ajv/dist/refs/jtd-schema.js",2882,c,"ajv@8.20.0",false
"extension/node_modules/ajv/dist/runtime/equal.js",286,c,"ajv@8.20.0",false
"extension/node_modules/ajv/dist/runtime/parseJson.js",5401,c,"ajv@8.20.0",false
"extension/node_modules/ajv/dist/runtime/quote.js",943,c,"ajv@8.20.0",false
"extension/node_modules/ajv/dist/runtime/re2.js",213,c,"ajv@8.20.0",false
"extension/node_modules/ajv/dist/runtime/timestamp.js",1536,c,"ajv@8.20.0",false
"extension/node_modules/ajv/dist/runtime/ucs2length.js",808,c,"ajv@8.20.0",false
"extension/node_modules/ajv/dist/runtime/uri.js",218,c,"ajv@8.20.0",false
"extension/node_modules/ajv/dist/runtime/validation_error.js",337,c,"ajv@8.20.0",false
"extension/node_modules/ajv/dist/standalone/index.js",4480,c,"ajv@8.20.0",false
"extension/node_modules/ajv/dist/standalone/instance.js",1015,c,"ajv@8.20.0",false
"extension/node_modules/ajv/dist/types/index.js",110,c,"ajv@8.20.0",false
"extension/node_modules/ajv/dist/types/json-schema.js",116,c,"ajv@8.20.0",false
"extension/node_modules/ajv/dist/types/jtd-schema.js",115,c,"ajv@8.20.0",false
"extension/node_modules/ajv/dist/vocabularies/applicator/additionalItems.js",1931,c,"ajv@8.20.0",false
"extension/node_modules/ajv/dist/vocabularies/applicator/additionalProperties.js",4309,c,"ajv@8.20.0",false
"extension/node_modules/ajv/dist/vocabularies/applicator/allOf.js",756,c,"ajv@8.20.0",false
"extension/node_modules/ajv/dist/vocabularies/applicator/anyOf.js",343,c,"ajv@8.20.0",false
"extension/node_modules/ajv/dist/vocabularies/applicator/contains.js",3680,c,"ajv@8.20.0",false
"extension/node_modules/ajv/dist/vocabularies/applicator/dependencies.js",3198,c,"ajv@8.20.0",false
"extension/node_modules/ajv/dist/vocabularies/applicator/dependentSchemas.js",354,c,"ajv@8.20.0",false
"extension/node_modules/ajv/dist/vocabularies/applicator/if.js",2438,c,"ajv@8.20.0",false
"extension/node_modules/ajv/dist/vocabularies/applicator/index.js",1529,c,"ajv@8.20.0",false
"extension/node_modules/ajv/dist/vocabularies/applicator/items.js",1993,c,"ajv@8.20.0",false
"extension/node_modules/ajv/dist/vocabularies/applicator/items2020.js",1037,c,"ajv@8.20.0",false
"extension/node_modules/ajv/dist/vocabularies/applicator/not.js",773,c,"ajv@8.20.0",false
"extension/node_modules/ajv/dist/vocabularies/applicator/oneOf.js",2257,c,"ajv@8.20.0",false
"extension/node_modules/ajv/dist/vocabularies/applicator/patternProperties.js",3236,c,"ajv@8.20.0",false
"extension/node_modules/ajv/dist/vocabularies/applicator/prefixItems.js",354,c,"ajv@8.20.0",false
"extension/node_modules/ajv/dist/vocabularies/applicator/properties.js",2153,c,"ajv@8.20.0",false
"extension/node_modules/ajv/dist/vocabularies/applicator/propertyNames.js",1221,c,"ajv@8.20.0",false
"extension/node_modules/ajv/dist/vocabularies/applicator/thenElse.js",446,c,"ajv@8.20.0",false
"extension/node_modules/ajv/dist/vocabularies/code.js",6216,c,"ajv@8.20.0",false
"extension/node_modules/ajv/dist/vocabularies/core/id.js",267,c,"ajv@8.20.0",false
"extension/node_modules/ajv/dist/vocabularies/core/index.js",357,c,"ajv@8.20.0",false
"extension/node_modules/ajv/dist/vocabularies/core/ref.js",5234,c,"ajv@8.20.0",false
"extension/node_modules/ajv/dist/vocabularies/discriminator/index.js",4845,c,"ajv@8.20.0",false
"extension/node_modules/ajv/dist/vocabularies/discriminator/types.js",308,c,"ajv@8.20.0",false
"extension/node_modules/ajv/dist/vocabularies/draft2020.js",762,c,"ajv@8.20.0",false
"extension/node_modules/ajv/dist/vocabularies/draft7.js",557,c,"ajv@8.20.0",false
"extension/node_modules/ajv/dist/vocabularies/dynamic/dynamicAnchor.js",1261,c,"ajv@8.20.0",false
"extension/node_modules/ajv/dist/vocabularies/dynamic/dynamicRef.js",1985,c,"ajv@8.20.0",false
"extension/node_modules/ajv/dist/vocabularies/dynamic/index.js",457,c,"ajv@8.20.0",false
"extension/node_modules/ajv/dist/vocabularies/dynamic/recursiveAnchor.js",522,c,"ajv@8.20.0",false
"extension/node_modules/ajv/dist/vocabularies/dynamic/recursiveRef.js",325,c,"ajv@8.20.0",false
"extension/node_modules/ajv/dist/vocabularies/errors.js",111,c,"ajv@8.20.0",false
"extension/node_modules/ajv/dist/vocabularies/format/format.js",4317,c,"ajv@8.20.0",false
"extension/node_modules/ajv/dist/vocabularies/format/index.js",209,c,"ajv@8.20.0",false
"extension/node_modules/ajv/dist/vocabularies/jtd/discriminator.js",2785,c,"ajv@8.20.0",false
"extension/node_modules/ajv/dist/vocabularies/jtd/elements.js",949,c,"ajv@8.20.0",false
"extension/node_modules/ajv/dist/vocabularies/jtd/enum.js",1745,c,"ajv@8.20.0",false
"extension/node_modules/ajv/dist/vocabularies/jtd/error.js",893,c,"ajv@8.20.0",false
"extension/node_modules/ajv/dist/vocabularies/jtd/index.js",962,c,"ajv@8.20.0",false
"extension/node_modules/ajv/dist/vocabularies/jtd/metadata.js",810,c,"ajv@8.20.0",false
"extension/node_modules/ajv/dist/vocabularies/jtd/nullable.js",859,c,"ajv@8.20.0",false
"extension/node_modules/ajv/dist/vocabularies/jtd/optionalProperties.js",436,c,"ajv@8.20.0",false
"extension/node_modules/ajv/dist/vocabularies/jtd/properties.js",6320,c,"ajv@8.20.0",false
"extension/node_modules/ajv/dist/vocabularies/jtd/ref.js",2648,c,"ajv@8.20.0",false
"extension/node_modules/ajv/dist/vocabularies/jtd/type.js",2706,c,"ajv@8.20.0",false
"extension/node_modules/ajv/dist/vocabularies/jtd/union.js",343,c,"ajv@8.20.0",false
"extension/node_modules/ajv/dist/vocabularies/jtd/values.js",1838,c,"ajv@8.20.0",false
"extension/node_modules/ajv/dist/vocabularies/metadata.js",427,c,"ajv@8.20.0",false
"extension/node_modules/ajv/dist/vocabularies/next.js",433,c,"ajv@8.20.0",false
"extension/node_modules/ajv/dist/vocabularies/unevaluated/index.js",350,c,"ajv@8.20.0",false
"extension/node_modules/ajv/dist/vocabularies/unevaluated/unevaluatedItems.js",1588,c,"ajv@8.20.0",false
"extension/node_modules/ajv/dist/vocabularies/unevaluated/unevaluatedProperties.js",2608,c,"ajv@8.20.0",false
"extension/node_modules/ajv/dist/vocabularies/validation/const.js",852,c,"ajv@8.20.0",false
"extension/node_modules/ajv/dist/vocabularies/validation/dependentRequired.js",403,c,"ajv@8.20.0",false
"extension/node_modules/ajv/dist/vocabularies/validation/enum.js",1901,c,"ajv@8.20.0",false
"extension/node_modules/ajv/dist/vocabularies/validation/index.js",1036,c,"ajv@8.20.0",false
"extension/node_modules/ajv/dist/vocabularies/validation/limitContains.js",495,c,"ajv@8.20.0",false
"extension/node_modules/ajv/dist/vocabularies/validation/limitItems.js",852,c,"ajv@8.20.0",false
"extension/node_modules/ajv/dist/vocabularies/validation/limitLength.js",1130,c,"ajv@8.20.0",false
"extension/node_modules/ajv/dist/vocabularies/validation/limitNumber.js",1036,c,"ajv@8.20.0",false
"extension/node_modules/ajv/dist/vocabularies/validation/limitProperties.js",896,c,"ajv@8.20.0",false
"extension/node_modules/ajv/dist/vocabularies/validation/multipleOf.js",1023,c,"ajv@8.20.0",false
"extension/node_modules/ajv/dist/vocabularies/validation/pattern.js",1323,c,"ajv@8.20.0",false
"extension/node_modules/ajv/dist/vocabularies/validation/required.js",3188,c,"ajv@8.20.0",false
"extension/node_modules/ajv/dist/vocabularies/validation/uniqueItems.js",3037,c,"ajv@8.20.0",false
"extension/node_modules/ajv/lib/refs/data.json",409,c,"ajv@8.20.0",false
"extension/node_modules/ajv/lib/refs/json-schema-2019-09/meta/applicator.json",1566,c,"ajv@8.20.0",false
"extension/node_modules/ajv/lib/refs/json-schema-2019-09/meta/content.json",477,c,"ajv@8.20.0",false
"extension/node_modules/ajv/lib/refs/json-schema-2019-09/meta/core.json",1273,c,"ajv@8.20.0",false
"extension/node_modules/ajv/lib/refs/json-schema-2019-09/meta/format.json",375,c,"ajv@8.20.0",false
"extension/node_modules/ajv/lib/refs/json-schema-2019-09/meta/meta-data.json",758,c,"ajv@8.20.0",false
"extension/node_modules/ajv/lib/refs/json-schema-2019-09/meta/validation.json",2264,c,"ajv@8.20.0",false
"extension/node_modules/ajv/lib/refs/json-schema-2019-09/schema.json",1579,c,"ajv@8.20.0",false
"extension/node_modules/ajv/lib/refs/json-schema-2020-12/meta/applicator.json",1441,c,"ajv@8.20.0",false
"extension/node_modules/ajv/lib/refs/json-schema-2020-12/meta/content.json",479,c,"ajv@8.20.0",false
"extension/node_modules/ajv/lib/refs/json-schema-2020-12/meta/core.json",1344,c,"ajv@8.20.0",false
"extension/node_modules/ajv/lib/refs/json-schema-2020-12/meta/format-annotation.json",420,c,"ajv@8.20.0",false
"extension/node_modules/ajv/lib/refs/json-schema-2020-12/meta/meta-data.json",758,c,"ajv@8.20.0",false
"extension/node_modules/ajv/lib/refs/json-schema-2020-12/meta/unevaluated.json",472,c,"ajv@8.20.0",false
"extension/node_modules/ajv/lib/refs/json-schema-2020-12/meta/validation.json",2264,c,"ajv@8.20.0",false
"extension/node_modules/ajv/lib/refs/json-schema-2020-12/schema.json",2166,c,"ajv@8.20.0",false
"extension/node_modules/ajv/lib/refs/json-schema-draft-06.json",3449,c,"ajv@8.20.0",false
"extension/node_modules/ajv/lib/refs/json-schema-draft-07.json",3811,c,"ajv@8.20.0",false
"extension/node_modules/ajv/lib/refs/json-schema-secure.json",2521,c,"ajv@8.20.0",false
"extension/node_modules/ajv/package.json",4405,c,"ajv@8.20.0",false
"extension/node_modules/argparse/LICENSE",12775,c,"argparse@2.0.1",false
"extension/node_modules/argparse/argparse.js",129714,c,"argparse@2.0.1",false
"extension/node_modules/argparse/lib/sub.js",2252,c,"argparse@2.0.1",false
"extension/node_modules/argparse/lib/textwrap.js",17391,c,"argparse@2.0.1",false
"extension/node_modules/argparse/package.json",682,c,"argparse@2.0.1",false
"extension/node_modules/bpmn-moddle/LICENSE",1087,c,"bpmn-moddle@10.1.0",false
"extension/node_modules/bpmn-moddle/dist/index.js",55277,c,"bpmn-moddle@10.1.0",false
"extension/node_modules/bpmn-moddle/package.json",2137,c,"bpmn-moddle@10.1.0",false
"extension/node_modules/bpmn-moddle/resources/bpmn-io/json/bioc.json",842,c,"bpmn-moddle@10.1.0",false
"extension/node_modules/bpmn-moddle/resources/bpmn/json/bpmn.json",60407,c,"bpmn-moddle@10.1.0",false
"extension/node_modules/bpmn-moddle/resources/bpmn/json/bpmndi.json",4077,c,"bpmn-moddle@10.1.0",false
"extension/node_modules/bpmn-moddle/resources/bpmn/json/dc.json",1774,c,"bpmn-moddle@10.1.0",false
"extension/node_modules/bpmn-moddle/resources/bpmn/json/di.json",4866,c,"bpmn-moddle@10.1.0",false
"extension/node_modules/bpmn-moddle/resources/bpmn/xsd/BPMN20.xsd",1905,c,"bpmn-moddle@10.1.0",false
"extension/node_modules/bpmn-moddle/resources/bpmn/xsd/BPMNDI.xsd",3910,c,"bpmn-moddle@10.1.0",false
"extension/node_modules/bpmn-moddle/resources/bpmn/xsd/DC.xsd",1295,c,"bpmn-moddle@10.1.0",false
"extension/node_modules/bpmn-moddle/resources/bpmn/xsd/DI.xsd",3370,c,"bpmn-moddle@10.1.0",false
"extension/node_modules/bpmn-moddle/resources/bpmn/xsd/Semantic.xsd",60946,c,"bpmn-moddle@10.1.0",false
"extension/node_modules/elkjs/lib/elk-api.js",9782,c,"elkjs@0.12.0",false
"extension/node_modules/elkjs/lib/elk-worker.js",4788969,c,"elkjs@0.12.0",false
"extension/node_modules/elkjs/lib/elk-worker.min.js",1595334,c,"elkjs@0.12.0",false
"extension/node_modules/elkjs/lib/elk.bundled.js",1609707,c,"elkjs@0.12.0",false
"extension/node_modules/elkjs/lib/main.js",5069,c,"elkjs@0.12.0",false
"extension/node_modules/elkjs/package.json",1687,c,"elkjs@0.12.0",false
"extension/node_modules/esprima/ChangeLog",9913,c,"esprima@4.0.1",false
"extension/node_modules/esprima/LICENSE.BSD",1303,c,"esprima@4.0.1",false
"extension/node_modules/esprima/bin/esparse.js",4948,c,"esprima@4.0.1",false
"extension/node_modules/esprima/bin/esvalidate.js",7744,c,"esprima@4.0.1",false
"extension/node_modules/esprima/dist/esprima.js",283567,c,"esprima@4.0.1",false
"extension/node_modules/esprima/package.json",4459,c,"esprima@4.0.1",false
"extension/node_modules/fast-deep-equal/LICENSE",1074,c,"fast-deep-equal@3.1.3",false
"extension/node_modules/fast-deep-equal/es6/index.js",1935,c,"fast-deep-equal@3.1.3",false
"extension/node_modules/fast-deep-equal/es6/react.js",2209,c,"fast-deep-equal@3.1.3",false
"extension/node_modules/fast-deep-equal/index.js",1177,c,"fast-deep-equal@3.1.3",false
"extension/node_modules/fast-deep-equal/package.json",1496,c,"fast-deep-equal@3.1.3",false
"extension/node_modules/fast-deep-equal/react.js",1451,c,"fast-deep-equal@3.1.3",false
"extension/node_modules/fast-uri/.gitattributes",80,c,"fast-uri@3.1.5",false
"extension/node_modules/fast-uri/LICENSE",1813,c,"fast-uri@3.1.5",false
"extension/node_modules/fast-uri/benchmark/benchmark.mjs",4421,c,"fast-uri@3.1.5",false
"extension/node_modules/fast-uri/benchmark/equal.mjs",1305,c,"fast-uri@3.1.5",false
"extension/node_modules/fast-uri/benchmark/non-simple-domain.mjs",838,c,"fast-uri@3.1.5",false
"extension/node_modules/fast-uri/benchmark/package.json",293,c,"fast-uri@3.1.5",false
"extension/node_modules/fast-uri/benchmark/string-array-to-hex-stripped.mjs",819,c,"fast-uri@3.1.5",false
"extension/node_modules/fast-uri/benchmark/ws-is-secure.mjs",1891,c,"fast-uri@3.1.5",false
"extension/node_modules/fast-uri/eslint.config.js",135,c,"fast-uri@3.1.5",false
"extension/node_modules/fast-uri/index.js",15326,c,"fast-uri@3.1.5",false
"extension/node_modules/fast-uri/lib/schemes.js",7122,c,"fast-uri@3.1.5",false
"extension/node_modules/fast-uri/lib/utils.js",10762,c,"fast-uri@3.1.5",false
"extension/node_modules/fast-uri/package.json",1983,c,"fast-uri@3.1.5",false
"extension/node_modules/fast-uri/tsconfig.json",166,c,"fast-uri@3.1.5",false
"extension/node_modules/js-yaml/LICENSE",1084,c,"js-yaml@4.3.1",false
"extension/node_modules/js-yaml/bin/js-yaml.js",2658,c,"js-yaml@4.3.1",false
"extension/node_modules/js-yaml/dist/js-yaml.js",131335,c,"js-yaml@4.3.1",false
"extension/node_modules/js-yaml/dist/js-yaml.min.js",43549,c,"js-yaml@4.3.1",false
"extension/node_modules/js-yaml/dist/js-yaml.mjs",103891,c,"js-yaml@4.3.1",false
"extension/node_modules/js-yaml/index.js",1585,c,"js-yaml@4.3.1",false
"extension/node_modules/js-yaml/lib/common.js",1094,c,"js-yaml@4.3.1",false
"extension/node_modules/js-yaml/lib/dumper.js",30967,c,"js-yaml@4.3.1",false
"extension/node_modules/js-yaml/lib/exception.js",1285,c,"js-yaml@4.3.1",false
"extension/node_modules/js-yaml/lib/index_vite_proxy.tmp.mjs",434,c,"js-yaml@4.3.1",false
"extension/node_modules/js-yaml/lib/loader.js",50665,c,"js-yaml@4.3.1",false
"extension/node_modules/js-yaml/lib/schema.js",3257,c,"js-yaml@4.3.1",false
"extension/node_modules/js-yaml/lib/schema/core.js",284,c,"js-yaml@4.3.1",false
"extension/node_modules/js-yaml/lib/schema/default.js",534,c,"js-yaml@4.3.1",false
"extension/node_modules/js-yaml/lib/schema/failsafe.js",274,c,"js-yaml@4.3.1",false
"extension/node_modules/js-yaml/lib/schema/json.js",519,c,"js-yaml@4.3.1",false
"extension/node_modules/js-yaml/lib/snippet.js",3063,c,"js-yaml@4.3.1",false
"extension/node_modules/js-yaml/lib/type.js",1736,c,"js-yaml@4.3.1",false
"extension/node_modules/js-yaml/lib/type/binary.js",2853,c,"js-yaml@4.3.1",false
"extension/node_modules/js-yaml/lib/type/bool.js",967,c,"js-yaml@4.3.1",false
"extension/node_modules/js-yaml/lib/type/float.js",2485,c,"js-yaml@4.3.1",false
"extension/node_modules/js-yaml/lib/type/int.js",3318,c,"js-yaml@4.3.1",false
"extension/node_modules/js-yaml/lib/type/map.js",188,c,"js-yaml@4.3.1",false
"extension/node_modules/js-yaml/lib/type/merge.js",229,c,"js-yaml@4.3.1",false
"extension/node_modules/js-yaml/lib/type/null.js",791,c,"js-yaml@4.3.1",false
"extension/node_modules/js-yaml/lib/type/omap.js",1036,c,"js-yaml@4.3.1",false
"extension/node_modules/js-yaml/lib/type/pairs.js",1031,c,"js-yaml@4.3.1",false
"extension/node_modules/js-yaml/lib/type/seq.js",189,c,"js-yaml@4.3.1",false
"extension/node_modules/js-yaml/lib/type/set.js",547,c,"js-yaml@4.3.1",false
"extension/node_modules/js-yaml/lib/type/str.js",187,c,"js-yaml@4.3.1",false
"extension/node_modules/js-yaml/lib/type/timestamp.js",2364,c,"js-yaml@4.3.1",false
"extension/node_modules/js-yaml/package.json",2281,c,"js-yaml@4.3.1",false
"extension/node_modules/json-schema-traverse/.eslintrc.yml",630,c,"json-schema-traverse@1.0.0",false
"extension/node_modules/json-schema-traverse/LICENSE",1074,c,"json-schema-traverse@1.0.0",false
"extension/node_modules/json-schema-traverse/index.js",2428,c,"json-schema-traverse@1.0.0",false
"extension/node_modules/json-schema-traverse/package.json",1004,c,"json-schema-traverse@1.0.0",false
"extension/node_modules/json-schema-traverse/spec/.eslintrc.yml",91,c,"json-schema-traverse@1.0.0",false
"extension/node_modules/json-schema-traverse/spec/fixtures/schema.js",5544,c,"json-schema-traverse@1.0.0",false
"extension/node_modules/json-schema-traverse/spec/index.spec.js",6042,c,"json-schema-traverse@1.0.0",false
"extension/node_modules/min-dash/LICENSE",1095,c,"min-dash@5.1.0",false
"extension/node_modules/min-dash/dist/index.js",15372,c,"min-dash@5.1.0",false
"extension/node_modules/min-dash/package.json",1897,c,"min-dash@5.1.0",false
"extension/node_modules/moddle-xml/LICENSE",1095,c,"moddle-xml@12.1.0",false
"extension/node_modules/moddle-xml/dist/index.js",41962,c,"moddle-xml@12.1.0",false
"extension/node_modules/moddle-xml/package.json",1424,c,"moddle-xml@12.1.0",false
"extension/node_modules/moddle/LICENSE",1095,c,"moddle@8.2.1",false
"extension/node_modules/moddle/dist/index.cjs",34566,c,"moddle@8.2.1",false
"extension/node_modules/moddle/dist/index.js",34743,c,"moddle@8.2.1",false
"extension/node_modules/moddle/package.json",1912,c,"moddle@8.2.1",false
"extension/node_modules/moddle/resources/schema/moddle.json",4820,c,"moddle@8.2.1",false
"extension/node_modules/require-from-string/index.js",866,c,"require-from-string@2.0.2",false
"extension/node_modules/require-from-string/license",1128,c,"require-from-string@2.0.2",false
"extension/node_modules/require-from-string/package.json",511,c,"require-from-string@2.0.2",false
"extension/node_modules/saxen/LICENSE",1153,c,"saxen@11.1.1",false
"extension/node_modules/saxen/dist/index.cjs",23310,c,"saxen@11.1.1",false
"extension/node_modules/saxen/dist/index.js",27699,c,"saxen@11.1.1",false
"extension/node_modules/saxen/package.json",1474,c,"saxen@11.1.1",false
"extension/node_modules/sprintf-js/.npmignore",14,c,"sprintf-js@1.0.3",false
"extension/node_modules/sprintf-js/LICENSE",1518,c,"sprintf-js@1.0.3",false
"extension/node_modules/sprintf-js/bower.json",439,c,"sprintf-js@1.0.3",false
"extension/node_modules/sprintf-js/demo/angular.html",690,c,"sprintf-js@1.0.3",false
"extension/node_modules/sprintf-js/dist/angular-sprintf.min.js",449,c,"sprintf-js@1.0.3",false
"extension/node_modules/sprintf-js/dist/sprintf.min.js",3169,c,"sprintf-js@1.0.3",false
"extension/node_modules/sprintf-js/gruntfile.js",970,c,"sprintf-js@1.0.3",false
"extension/node_modules/sprintf-js/package.json",598,c,"sprintf-js@1.0.3",false
"extension/node_modules/sprintf-js/src/angular-sprintf.js",490,c,"sprintf-js@1.0.3",false
"extension/node_modules/sprintf-js/src/sprintf.js",8112,c,"sprintf-js@1.0.3",false
"extension/node_modules/xmlbuilder2/LICENSE",1070,c,"xmlbuilder2@3.1.1",false
"extension/node_modules/xmlbuilder2/lib/builder/BuilderFunctions.js",3655,c,"xmlbuilder2@3.1.1",false
"extension/node_modules/xmlbuilder2/lib/builder/BuilderFunctionsCB.js",678,c,"xmlbuilder2@3.1.1",false
"extension/node_modules/xmlbuilder2/lib/builder/XMLBuilderCBImpl.js",33012,c,"xmlbuilder2@3.1.1",false
"extension/node_modules/xmlbuilder2/lib/builder/XMLBuilderImpl.js",35363,c,"xmlbuilder2@3.1.1",false
"extension/node_modules/xmlbuilder2/lib/builder/dom.js",2303,c,"xmlbuilder2@3.1.1",false
"extension/node_modules/xmlbuilder2/lib/builder/index.js",744,c,"xmlbuilder2@3.1.1",false
"extension/node_modules/xmlbuilder2/lib/constants.js",174,c,"xmlbuilder2@3.1.1",false
"extension/node_modules/xmlbuilder2/lib/index.js",378,c,"xmlbuilder2@3.1.1",false
"extension/node_modules/xmlbuilder2/lib/interfaces.js",1993,c,"xmlbuilder2@3.1.1",false
"extension/node_modules/xmlbuilder2/lib/readers/BaseReader.js",5573,c,"xmlbuilder2@3.1.1",false
"extension/node_modules/xmlbuilder2/lib/readers/JSONReader.js",1447,c,"xmlbuilder2@3.1.1",false
"extension/node_modules/xmlbuilder2/lib/readers/ObjectReader.js",8577,c,"xmlbuilder2@3.1.1",false
"extension/node_modules/xmlbuilder2/lib/readers/XMLReader.js",10111,c,"xmlbuilder2@3.1.1",false
"extension/node_modules/xmlbuilder2/lib/readers/YAMLReader.js",1664,c,"xmlbuilder2@3.1.1",false
"extension/node_modules/xmlbuilder2/lib/readers/index.js",475,c,"xmlbuilder2@3.1.1",false
"extension/node_modules/xmlbuilder2/lib/writers/BaseCBWriter.js",639,c,"xmlbuilder2@3.1.1",false
"extension/node_modules/xmlbuilder2/lib/writers/BaseWriter.js",78849,c,"xmlbuilder2@3.1.1",false
"extension/node_modules/xmlbuilder2/lib/writers/JSONCBWriter.js",6292,c,"xmlbuilder2@3.1.1",false
"extension/node_modules/xmlbuilder2/lib/writers/JSONWriter.js",7719,c,"xmlbuilder2@3.1.1",false
"extension/node_modules/xmlbuilder2/lib/writers/MapWriter.js",2864,c,"xmlbuilder2@3.1.1",false
"extension/node_modules/xmlbuilder2/lib/writers/ObjectWriter.js",18387,c,"xmlbuilder2@3.1.1",false
"extension/node_modules/xmlbuilder2/lib/writers/XMLCBWriter.js",5526,c,"xmlbuilder2@3.1.1",false
"extension/node_modules/xmlbuilder2/lib/writers/XMLWriter.js",8868,c,"xmlbuilder2@3.1.1",false
"extension/node_modules/xmlbuilder2/lib/writers/YAMLCBWriter.js",5652,c,"xmlbuilder2@3.1.1",false
"extension/node_modules/xmlbuilder2/lib/writers/YAMLWriter.js",7087,c,"xmlbuilder2@3.1.1",false
"extension/node_modules/xmlbuilder2/lib/writers/index.js",560,c,"xmlbuilder2@3.1.1",false
"extension/node_modules/xmlbuilder2/lib/xmlbuilder2.min.js",594954,c,"xmlbuilder2@3.1.1",false
"extension/node_modules/xmlbuilder2/node_modules/argparse/LICENSE",1079,c,"xmlbuilder2@3.1.1",false
"extension/node_modules/xmlbuilder2/node_modules/argparse/index.js",59,c,"xmlbuilder2@3.1.1",false
"extension/node_modules/xmlbuilder2/node_modules/argparse/lib/action.js",4659,c,"xmlbuilder2@3.1.1",false
"extension/node_modules/xmlbuilder2/node_modules/argparse/lib/action/append.js",1565,c,"xmlbuilder2@3.1.1",false
"extension/node_modules/xmlbuilder2/node_modules/argparse/lib/action/append/constant.js",1430,c,"xmlbuilder2@3.1.1",false
"extension/node_modules/xmlbuilder2/node_modules/argparse/lib/action/count.js",1036,c,"xmlbuilder2@3.1.1",false
"extension/node_modules/xmlbuilder2/node_modules/argparse/lib/action/help.js",1120,c,"xmlbuilder2@3.1.1",false
"extension/node_modules/xmlbuilder2/node_modules/argparse/lib/action/store.js",1350,c,"xmlbuilder2@3.1.1",false
"extension/node_modules/xmlbuilder2/node_modules/argparse/lib/action/store/constant.js",1332,c,"xmlbuilder2@3.1.1",false
"extension/node_modules/xmlbuilder2/node_modules/argparse/lib/action/store/false.js",704,c,"xmlbuilder2@3.1.1",false
"extension/node_modules/xmlbuilder2/node_modules/argparse/lib/action/store/true.js",693,c,"xmlbuilder2@3.1.1",false
"extension/node_modules/xmlbuilder2/node_modules/argparse/lib/action/subparsers.js",3590,c,"xmlbuilder2@3.1.1",false
"extension/node_modules/xmlbuilder2/node_modules/argparse/lib/action/version.js",1244,c,"xmlbuilder2@3.1.1",false
"extension/node_modules/xmlbuilder2/node_modules/argparse/lib/action_container.js",15055,c,"xmlbuilder2@3.1.1",false
"extension/node_modules/xmlbuilder2/node_modules/argparse/lib/argparse.js",618,c,"xmlbuilder2@3.1.1",false
"extension/node_modules/xmlbuilder2/node_modules/argparse/lib/argument/error.js",1183,c,"xmlbuilder2@3.1.1",false
"extension/node_modules/xmlbuilder2/node_modules/argparse/lib/argument/exclusive.js",1589,c,"xmlbuilder2@3.1.1",false
"extension/node_modules/xmlbuilder2/node_modules/argparse/lib/argument/group.js",2330,c,"xmlbuilder2@3.1.1",false
"extension/node_modules/xmlbuilder2/node_modules/argparse/lib/argument_parser.js",35223,c,"xmlbuilder2@3.1.1",false
"extension/node_modules/xmlbuilder2/node_modules/argparse/lib/const.js",340,c,"xmlbuilder2@3.1.1",false
"extension/node_modules/xmlbuilder2/node_modules/argparse/lib/help/added_formatters.js",2647,c,"xmlbuilder2@3.1.1",false
"extension/node_modules/xmlbuilder2/node_modules/argparse/lib/help/formatter.js",22025,c,"xmlbuilder2@3.1.1",false
"extension/node_modules/xmlbuilder2/node_modules/argparse/lib/namespace.js",1824,c,"xmlbuilder2@3.1.1",false
"extension/node_modules/xmlbuilder2/node_modules/argparse/lib/utils.js",1281,c,"xmlbuilder2@3.1.1",false
"extension/node_modules/xmlbuilder2/node_modules/argparse/package.json",638,c,"xmlbuilder2@3.1.1",false
"extension/node_modules/xmlbuilder2/node_modules/js-yaml/LICENSE",1084,c,"xmlbuilder2@3.1.1",false
"extension/node_modules/xmlbuilder2/node_modules/js-yaml/bin/js-yaml.js",2727,c,"xmlbuilder2@3.1.1",false
"extension/node_modules/xmlbuilder2/node_modules/js-yaml/dist/js-yaml.js",110463,c,"xmlbuilder2@3.1.1",false
"extension/node_modules/xmlbuilder2/node_modules/js-yaml/dist/js-yaml.min.js",42621,c,"xmlbuilder2@3.1.1",false
"extension/node_modules/xmlbuilder2/node_modules/js-yaml/index.js",81,c,"xmlbuilder2@3.1.1",false
"extension/node_modules/xmlbuilder2/node_modules/js-yaml/lib/js-yaml.js",1665,c,"xmlbuilder2@3.1.1",false
"extension/node_modules/xmlbuilder2/node_modules/js-yaml/lib/js-yaml/common.js",1177,c,"xmlbuilder2@3.1.1",false
"extension/node_modules/xmlbuilder2/node_modules/js-yaml/lib/js-yaml/dumper.js",27488,c,"xmlbuilder2@3.1.1",false
"extension/node_modules/xmlbuilder2/node_modules/js-yaml/lib/js-yaml/exception.js",1024,c,"xmlbuilder2@3.1.1",false
"extension/node_modules/xmlbuilder2/node_modules/js-yaml/lib/js-yaml/loader.js",44363,c,"xmlbuilder2@3.1.1",false
"extension/node_modules/xmlbuilder2/node_modules/js-yaml/lib/js-yaml/mark.js",1562,c,"xmlbuilder2@3.1.1",false
"extension/node_modules/xmlbuilder2/node_modules/js-yaml/lib/js-yaml/schema.js",2753,c,"xmlbuilder2@3.1.1",false
"extension/node_modules/xmlbuilder2/node_modules/js-yaml/lib/js-yaml/schema/core.js",362,c,"xmlbuilder2@3.1.1",false
"extension/node_modules/xmlbuilder2/node_modules/js-yaml/lib/js-yaml/schema/default_full.js",610,c,"xmlbuilder2@3.1.1",false
"extension/node_modules/xmlbuilder2/node_modules/js-yaml/lib/js-yaml/schema/default_safe.js",601,c,"xmlbuilder2@3.1.1",false
"extension/node_modules/xmlbuilder2/node_modules/js-yaml/lib/js-yaml/schema/failsafe.js",278,c,"xmlbuilder2@3.1.1",false
"extension/node_modules/xmlbuilder2/node_modules/js-yaml/lib/js-yaml/schema/json.js",586,c,"xmlbuilder2@3.1.1",false
"extension/node_modules/xmlbuilder2/node_modules/js-yaml/lib/js-yaml/type.js",1586,c,"xmlbuilder2@3.1.1",false
"extension/node_modules/xmlbuilder2/node_modules/js-yaml/lib/js-yaml/type/binary.js",3274,c,"xmlbuilder2@3.1.1",false
"extension/node_modules/xmlbuilder2/node_modules/js-yaml/lib/js-yaml/type/bool.js",971,c,"xmlbuilder2@3.1.1",false
"extension/node_modules/xmlbuilder2/node_modules/js-yaml/lib/js-yaml/type/float.js",2840,c,"xmlbuilder2@3.1.1",false
"extension/node_modules/xmlbuilder2/node_modules/js-yaml/lib/js-yaml/type/int.js",4066,c,"xmlbuilder2@3.1.1",false
"extension/node_modules/xmlbuilder2/node_modules/js-yaml/lib/js-yaml/type/js/function.js",2819,c,"xmlbuilder2@3.1.1",false
"extension/node_modules/xmlbuilder2/node_modules/js-yaml/lib/js-yaml/type/js/regexp.js",1572,c,"xmlbuilder2@3.1.1",false
"extension/node_modules/xmlbuilder2/node_modules/js-yaml/lib/js-yaml/type/js/undefined.js",573,c,"xmlbuilder2@3.1.1",false
"extension/node_modules/xmlbuilder2/node_modules/js-yaml/lib/js-yaml/type/map.js",190,c,"xmlbuilder2@3.1.1",false
"extension/node_modules/xmlbuilder2/node_modules/js-yaml/lib/js-yaml/type/merge.js",230,c,"xmlbuilder2@3.1.1",false
"extension/node_modules/xmlbuilder2/node_modules/js-yaml/lib/js-yaml/type/null.js",761,c,"xmlbuilder2@3.1.1",false
"extension/node_modules/xmlbuilder2/node_modules/js-yaml/lib/js-yaml/type/omap.js",1023,c,"xmlbuilder2@3.1.1",false
"extension/node_modules/xmlbuilder2/node_modules/js-yaml/lib/js-yaml/type/pairs.js",1084,c,"xmlbuilder2@3.1.1",false
"extension/node_modules/xmlbuilder2/node_modules/js-yaml/lib/js-yaml/type/seq.js",191,c,"xmlbuilder2@3.1.1",false
"extension/node_modules/xmlbuilder2/node_modules/js-yaml/lib/js-yaml/type/set.js",547,c,"xmlbuilder2@3.1.1",false
"extension/node_modules/xmlbuilder2/node_modules/js-yaml/lib/js-yaml/type/str.js",189,c,"xmlbuilder2@3.1.1",false
"extension/node_modules/xmlbuilder2/node_modules/js-yaml/lib/js-yaml/type/timestamp.js",2571,c,"xmlbuilder2@3.1.1",false
"extension/node_modules/xmlbuilder2/node_modules/js-yaml/package.json",1159,c,"xmlbuilder2@3.1.1",false
"extension/node_modules/xmlbuilder2/package.json",2252,c,"xmlbuilder2@3.1.1",false
"extension/out/extension.css",8663,b,"scripts/build-extension-bundle.mjs (esbuild bundle of extension/src/extension.ts; extension.css is an esbuild side-effect of a CSS import pulled in transitively, ultimately node_modules/reactflow/dist/style.css)",false
"extension/out/extension.js",1291679,b,"scripts/build-extension-bundle.mjs (esbuild bundle of extension/src/extension.ts; extension.css is an esbuild side-effect of a CSS import pulled in transitively, ultimately node_modules/reactflow/dist/style.css)",false
"extension/package.json",32470,a,"extension/package.json",false
"extension/readme.md",8942,a,"extension/readme.md (packaged from extension/README.md — vsce standard rename)",false
"extension/schemas/bpmn-dsl.schema.json",5807,b,"scripts/build-compiler-bundle.mjs (copies repo-root schemas/*.json into extension/schemas/)",false
"extension/schemas/transitrixrc.schema.json",971,b,"scripts/build-compiler-bundle.mjs (copies repo-root schemas/*.json into extension/schemas/)",false
"extension/syntaxes/ttrs.tmLanguage.json",7960,a,"extension/syntaxes/ttrs.tmLanguage.json",false
"extension/webview/viewer.ts",8878,a,"extension/webview/viewer.ts",false
